,Age,Sex,Job,Housing,Saving accounts,Credit amount,Duration,Purpose,Risk
0,3.5708276323378,1,2,0,1.0,7.063903961472068,1.791759469228055,0,0
1,3.091042453358316,2,2,0,1.0,8.691314551644853,3.0398926893396454,0,1
2,3.8918202981106265,1,1,0,1.0,7.647786045440933,2.4849066497880004,1,0
3,3.8066624897703196,1,2,1,1.0,8.97233695775495,3.7376696182833684,2,0
4,3.970291913552122,1,2,1,1.0,8.490849216076635,3.1780538303479458,3,1
5,3.5553480614894135,1,1,1,1.0,8.092929899389704,3.58351893845611,1,0
6,3.970291913552122,1,2,0,2.0,7.949797216161852,3.1780538303479458,2,0
7,3.5553480614894135,1,3,2,1.0,8.846209127360996,3.58351893845611,3,0
8,4.110873864173311,1,1,0,3.0,8.025843344150903,2.4849066497880004,0,0
9,3.332204510175204,1,3,0,1.0,8.562931083090092,3.4011973816621555,3,1
10,3.2188758248682006,2,2,2,1.0,7.166265974133638,2.4849066497880004,3,1
11,3.1780538303479458,2,2,2,1.0,8.36822903827628,3.0398926893396454,4,1
12,3.091042453358316,2,2,0,1.0,7.356918242356021,2.4849066497880004,0,0
13,4.0943445622221,1,1,0,1.0,7.089243155027514,3.1780538303479458,3,1
14,3.332204510175204,2,2,2,1.0,7.246368080102461,2.70805020110221,3,0
15,3.4657359027997265,2,1,0,4.0,7.156176637480615,3.1780538303479458,0,1
16,3.970291913552122,1,2,0,1.0,7.793174347189205,3.1780538303479458,0,0
17,3.2188758248682006,1,2,0,1.0,8.092929899389704,3.4011973816621555,4,0
18,3.784189633918261,2,3,1,1.0,8.092929899389704,3.1780538303479458,3,1
19,3.4339872044851463,1,2,0,2.0,8.140315540159985,3.1780538303479458,0,0
20,3.871201010907891,1,2,0,1.0,7.665753431861699,2.1972245773362196,3,0
21,3.784189633918261,1,2,2,2.0,7.881182202227102,1.791759469228055,0,0
22,3.871201010907891,1,1,2,1.0,7.714677473800927,2.302585092994046,3,0
23,3.784189633918261,1,2,0,4.0,7.4977617006225685,2.4849066497880004,3,0
24,3.258096538021482,1,2,0,1.0,7.634820677745543,2.302585092994046,2,0
25,3.58351893845611,1,1,0,1.0,7.2254814727822945,1.791759469228055,2,0
26,3.6635616461296463,1,1,0,1.0,6.054439346269371,1.791759469228055,0,0
27,3.7376696182833684,2,2,2,3.0,6.013715156042802,2.4849066497880004,0,0
28,3.5263605246161616,1,2,0,1.0,7.789454566086673,1.9459101490553132,0,0
29,4.143134726391533,1,2,0,1.0,8.829958044235482,3.0398926893396454,4,1
30,3.58351893845611,1,2,0,3.0,7.556427969440253,2.8903717578961645,4,0
31,3.295836866004329,1,2,0,1.0,8.299037181613066,3.1780538303479458,2,0
32,3.4011973816621555,1,2,0,4.0,8.676928249537397,2.8903717578961645,3,0
33,4.04305126783455,1,1,2,1.0,7.142036574706803,2.4849066497880004,4,0
34,3.4965075614664802,2,3,0,1.0,7.295735072749282,2.4849066497880004,2,0
35,3.2188758248682006,1,1,0,1.0,8.465057436995709,3.0398926893396454,0,1
36,3.4339872044851463,1,2,1,1.0,8.71768205216564,3.0398926893396454,1,0
37,3.6109179126442243,1,2,0,1.0,7.649692623711514,2.8903717578961645,0,1
38,3.6109179126442243,1,2,0,1.0,7.110696122978827,2.302585092994046,5,0
39,3.1780538303479458,1,2,0,1.0,6.126869184114185,2.1972245773362196,0,0
40,3.4011973816621555,1,3,0,2.0,7.75491027202143,3.4011973816621555,0,0
41,3.258096538021482,1,2,0,2.0,7.05444965813294,2.4849066497880004,0,0
42,3.784189633918261,1,1,0,1.0,8.73294952429643,2.8903717578961645,6,0
43,3.1780538303479458,1,2,2,4.0,8.73020559553099,3.4011973816621555,3,0
44,4.060443010546419,2,1,1,1.0,8.723068501163928,3.0398926893396454,3,1
45,3.5553480614894135,2,3,0,1.0,7.239214973779806,2.3978952727983707,3,0
46,3.6635616461296463,1,2,0,2.0,7.740229524763182,3.58351893845611,0,0
47,3.1354942159291497,2,0,2,2.0,7.20934025660291,1.791759469228055,3,0
48,3.6635616461296463,1,1,0,1.0,8.885717651712119,2.3978952727983707,3,0
49,3.332204510175204,2,2,0,4.0,7.636752112435779,2.4849066497880004,0,0
50,3.367295829986474,1,1,0,1.0,7.75491027202143,3.1780538303479458,2,0
51,3.4011973816621555,1,3,0,1.0,8.693664334532016,3.295836866004329,3,0
52,3.2188758248682006,1,2,0,1.0,7.140453043101158,2.4849066497880004,0,0
53,3.4339872044851463,1,2,0,1.0,8.125039097367745,2.8903717578961645,3,0
54,4.04305126783455,1,2,1,1.0,7.707512194600341,3.58351893845611,3,1
55,3.258096538021482,1,1,0,1.0,6.663132695990803,1.791759469228055,3,0
56,3.9512437185814275,1,3,0,1.0,8.774622220696997,2.4849066497880004,0,1
57,3.4339872044851463,2,2,0,1.0,8.092929899389704,3.58351893845611,0,0
58,3.1354942159291497,2,3,0,1.0,7.581209826196346,2.8903717578961645,3,0
59,3.1354942159291497,2,1,2,1.0,8.736971085254146,3.58351893845611,2,1
60,3.295836866004329,1,2,0,1.0,7.237778191923443,2.1972245773362196,4,0
61,3.912023005428146,1,2,0,1.0,7.337587743538596,2.70805020110221,0,0
62,4.110873864173311,1,3,1,1.0,7.577121930876679,3.58351893845611,4,1
63,3.2188758248682006,1,2,0,1.0,8.092929899389704,3.0398926893396454,4,1
64,3.258096538021482,2,2,0,1.0,8.064950891749143,3.1780538303479458,0,0
65,3.871201010907891,1,2,0,1.0,8.554488976159934,3.295836866004329,6,0
66,3.367295829986474,2,2,0,1.0,7.682943169878292,2.4849066497880004,0,0
67,3.091042453358316,1,2,0,3.0,6.914730892718563,2.4849066497880004,3,0
68,3.6109179126442243,1,2,1,1.0,7.506042178518122,3.58351893845611,1,1
69,3.2188758248682006,2,2,0,1.0,7.780720886117918,3.58351893845611,0,0
70,3.4011973816621555,2,2,0,1.0,8.092929899389704,3.58351893845611,3,0
71,3.828641396489095,1,1,2,1.0,6.593044534142437,1.9459101490553132,0,0
72,3.9318256327243257,1,3,1,1.0,7.059617628291383,2.0794415416798357,7,0
73,3.713572066704308,2,1,0,1.0,8.691818541575723,3.7376696182833684,4,0
74,3.6888794541139363,1,3,0,1.0,7.589335823170617,3.58351893845611,1,1
75,3.5708276323378,1,3,1,1.0,7.330405211844402,2.4849066497880004,3,0
76,3.5263605246161616,1,2,0,1.0,8.285261134068948,3.7376696182833684,0,1
77,3.9318256327243257,1,2,0,1.0,8.470311205516108,2.3978952727983707,0,0
78,3.6635616461296463,1,1,0,1.0,8.092929899389704,3.0398926893396454,3,0
79,3.091042453358316,1,2,0,1.0,8.251142139090751,3.4011973816621555,2,0
80,3.784189633918261,2,2,0,1.0,8.68996933536666,3.1780538303479458,0,1
81,3.8501476017100584,1,2,0,2.0,7.10085190894405,2.70805020110221,0,0
82,3.1780538303479458,2,1,2,4.0,7.357556200910353,2.8903717578961645,4,0
83,4.060443010546419,2,1,0,1.0,7.470224135899966,3.1780538303479458,7,0
84,3.9512437185814275,1,1,0,1.0,7.747164966520335,2.302585092994046,0,0
85,3.367295829986474,2,3,0,1.0,7.252762418053187,2.4849066497880004,4,0
86,3.295836866004329,2,2,0,1.0,7.166265974133638,2.8903717578961645,2,0
87,3.8501476017100584,1,2,1,4.0,8.092929899389704,3.58351893845611,1,1
88,3.4011973816621555,1,3,0,4.0,7.718240951959316,2.8903717578961645,3,0
89,3.332204510175204,1,2,0,1.0,7.010311867307229,2.4849066497880004,6,1
90,4.02535169073515,1,2,0,1.0,6.42648845745769,2.4849066497880004,0,0
91,3.9889840465642745,1,2,0,1.0,7.25063551189868,2.4849066497880004,3,0
92,3.4965075614664802,2,1,0,1.0,6.680854678790215,2.4849066497880004,0,1
93,2.995732273553991,1,2,2,1.0,8.193400231952097,3.1780538303479458,2,0
94,3.9889840465642745,1,2,0,3.0,7.183870715062453,2.4849066497880004,3,0
95,4.060443010546419,1,2,2,1.0,8.092929899389704,3.0398926893396454,4,1
96,4.110873864173311,2,2,0,1.0,7.60688453121963,2.4849066497880004,1,0
97,3.5263605246161616,1,2,0,4.0,7.871692664323645,2.8903717578961645,4,0
98,3.58351893845611,1,2,0,1.0,7.756623334538858,3.58351893845611,0,0
99,3.58351893845611,1,3,2,1.0,8.86177531100083,2.995732273553991,3,0
100,3.713572066704308,1,1,2,4.0,7.292337176173877,3.1780538303479458,3,0
101,3.1780538303479458,1,2,2,1.0,7.750614732770409,3.58351893845611,0,0
102,3.1780538303479458,2,2,0,1.0,6.837332814685591,1.791759469228055,0,0
103,3.5553480614894135,1,2,2,1.0,7.5595594960077,2.1972245773362196,2,0
104,3.258096538021482,1,2,2,1.0,7.801800401908973,2.4849066497880004,3,0
105,3.6635616461296463,1,3,0,1.0,8.092929899389704,3.1780538303479458,7,1
106,3.6635616461296463,1,3,0,1.0,8.77307495131822,2.8903717578961645,3,1
107,3.4657359027997265,1,2,0,1.0,8.712430973476739,2.4849066497880004,3,0
108,3.4011973816621555,2,2,0,1.0,8.951699168308815,3.1780538303479458,2,0
109,3.5553480614894135,1,2,0,2.0,7.251344983372214,2.6390573296152584,4,0
110,3.4339872044851463,1,2,0,4.0,7.278628942320682,1.791759469228055,4,0
111,3.1354942159291497,2,2,2,1.0,5.971261839790462,2.70805020110221,1,0
112,3.332204510175204,1,1,2,1.0,8.741935464094144,2.8903717578961645,3,0
113,3.2188758248682006,2,2,0,1.0,8.96890555068972,3.58351893845611,3,1
114,3.5553480614894135,1,2,0,2.0,7.426549072397305,2.4849066497880004,0,0
115,3.8501476017100584,1,2,0,1.0,8.182559264068665,3.0398926893396454,0,0
116,3.4011973816621555,2,3,0,1.0,8.878218658092228,3.7376696182833684,0,1
117,3.295836866004329,2,2,2,1.0,7.664815785285735,2.302585092994046,2,0
118,3.1354942159291497,2,2,0,2.0,8.361941906144946,3.4965075614664802,2,1
119,3.58351893845611,1,3,0,2.0,7.768956044538332,2.4849066497880004,3,0
120,3.2188758248682006,2,2,0,1.0,7.51479976048867,3.044522437723423,0,1
121,3.713572066704308,2,3,2,1.0,8.260492856573185,3.1780538303479458,3,0
122,3.1780538303479458,1,1,2,1.0,7.477604243197589,2.4849066497880004,2,0
123,4.143134726391533,1,2,1,1.0,6.660575149839686,2.302585092994046,3,0
124,3.295836866004329,2,2,2,1.0,7.562161631225652,2.8903717578961645,2,1
125,3.4011973816621555,1,2,0,1.0,7.659642954564682,2.4849066497880004,3,0
126,3.6888794541139363,1,1,0,1.0,6.55250788703459,2.4849066497880004,0,0
127,3.4011973816621555,1,2,0,1.0,6.459904454377535,2.4849066497880004,6,1
128,3.5263605246161616,1,3,0,1.0,7.528331766707247,2.4849066497880004,3,0
129,3.367295829986474,2,2,0,1.0,8.160232492367689,2.4849066497880004,3,1
130,3.1780538303479458,2,2,0,1.0,8.092929899389704,3.0398926893396454,3,0
131,3.367295829986474,1,2,0,1.0,8.837390855544697,3.58351893845611,1,1
132,3.295836866004329,1,1,0,1.0,7.903965634032166,2.70805020110221,2,0
133,3.8501476017100584,1,2,1,1.0,7.592870287844818,2.8903717578961645,2,0
134,3.044522437723423,2,2,0,4.0,8.092929899389704,3.0398926893396454,0,0
135,3.6375861597263857,2,2,0,1.0,7.122866658599083,2.4849066497880004,0,0
136,3.295836866004329,1,2,0,3.0,8.092929899389704,3.295836866004329,3,0
137,3.5708276323378,1,1,0,2.0,6.641182169740591,2.4849066497880004,0,1
138,3.5553480614894135,1,2,0,1.0,7.911324018963353,2.70805020110221,0,0
139,3.784189633918261,2,1,2,1.0,7.53955882930103,2.4849066497880004,0,0
140,3.295836866004329,1,0,0,3.0,6.5638555265321274,1.791759469228055,3,0
141,3.4011973816621555,2,3,0,1.0,8.475328987317539,3.58351893845611,0,0
142,3.295836866004329,1,3,0,1.0,8.13622555490846,3.295836866004329,0,0
143,3.091042453358316,1,2,0,1.0,7.808729306744399,2.8903717578961645,2,1
144,3.1354942159291497,2,2,0,1.0,7.7354333524996886,3.044522437723423,2,0
145,3.4011973816621555,1,2,0,4.0,8.179199798423086,3.0398926893396454,4,0
146,3.6635616461296463,2,2,0,1.0,6.756932389247553,1.791759469228055,3,0
147,3.9318256327243257,2,2,0,4.0,6.525029657843462,2.4849066497880004,3,0
148,3.332204510175204,1,2,0,1.0,8.58876938990546,3.58351893845611,2,0
149,3.828641396489095,1,2,0,3.0,7.366445148327599,2.8903717578961645,0,0
150,3.7376696182833684,1,2,1,4.0,7.204892510204673,1.791759469228055,0,0
151,3.6375861597263857,1,2,0,1.0,7.562161631225652,2.302585092994046,0,0
152,3.1780538303479458,1,2,0,1.0,8.673855001429615,3.58351893845611,0,0
153,3.367295829986474,2,2,2,3.0,8.956479847999912,3.1780538303479458,3,0
154,3.58351893845611,1,3,2,4.0,8.848939995030118,3.1780538303479458,4,0
155,2.995732273553991,2,2,2,1.0,7.156176637480615,2.4849066497880004,2,1
156,3.871201010907891,1,2,0,4.0,7.160845906664299,2.1972245773362196,6,0
157,3.8066624897703196,1,1,0,1.0,5.82600010738045,2.4849066497880004,1,0
158,3.6375861597263857,1,2,0,4.0,8.163940954755008,3.1780538303479458,3,0
159,3.5263605246161616,1,1,0,1.0,7.5485559791698735,1.791759469228055,0,0
160,3.58351893845611,1,2,0,4.0,7.962763930168115,3.1780538303479458,0,0
161,3.4011973816621555,2,2,0,1.0,6.961296045910167,2.8903717578961645,3,0
162,3.58351893845611,1,2,0,2.0,7.140453043101158,2.70805020110221,5,0
163,3.5708276323378,1,3,1,1.0,8.896724917497897,2.302585092994046,3,0
164,3.58351893845611,1,2,0,2.0,6.812345094177479,3.58351893845611,3,0
165,3.4657359027997265,1,2,0,2.0,7.999007213243955,1.791759469228055,2,0
166,3.4965075614664802,2,2,0,1.0,7.030857476116121,2.8903717578961645,2,1
167,2.995732273553991,2,2,0,3.0,7.3632795869630385,2.3978952727983707,2,0
168,3.2188758248682006,2,2,2,1.0,8.287025025165063,3.1780538303479458,2,0
169,3.4339872044851463,1,2,0,1.0,7.5678626054638825,3.1780538303479458,4,1
170,3.4965075614664802,1,2,2,1.0,6.856461984594587,2.70805020110221,3,1
171,3.258096538021482,2,2,0,1.0,6.637258031284457,2.4849066497880004,2,0
172,3.5263605246161616,2,3,0,1.0,7.6324011266014535,3.1780538303479458,2,1
173,3.4965075614664802,1,2,0,1.0,7.254177846456518,2.0794415416798357,0,0
174,3.258096538021482,1,2,0,1.0,8.135639903354386,3.044522437723423,1,1
175,3.970291913552122,2,3,0,1.0,8.920656296853728,3.4011973816621555,3,1
176,3.7376696182833684,1,2,0,1.0,7.854381210652365,2.4849066497880004,2,0
177,3.9512437185814275,1,2,0,2.0,5.823045895483019,1.791759469228055,0,0
178,3.4339872044851463,1,3,2,1.0,7.5822291942764615,2.4849066497880004,0,0
179,3.5708276323378,1,2,0,1.0,6.3473892096560105,3.044522437723423,3,0
180,3.332204510175204,1,2,0,1.0,8.092929899389704,3.58351893845611,4,1
181,3.4011973816621555,1,3,0,1.0,8.40178233990491,3.58351893845611,4,1
182,3.6888794541139363,1,1,0,1.0,7.4067107301776405,3.044522437723423,3,1
183,3.912023005428146,1,2,0,3.0,8.236685322712457,3.1780538303479458,2,0
184,3.58351893845611,1,2,0,1.0,6.784457062637643,2.8903717578961645,3,1
185,3.4339872044851463,1,2,0,1.0,7.215239978730097,2.70805020110221,0,0
186,3.5708276323378,2,3,1,1.0,8.542665987389269,2.1972245773362196,3,1
187,3.5708276323378,1,0,1,1.0,7.069023426578259,2.772588722239781,3,0
188,2.995732273553991,1,2,0,4.0,6.513230110912307,2.4849066497880004,0,1
189,3.4965075614664802,2,2,0,1.0,8.084562415235304,2.8903717578961645,2,0
190,3.9889840465642745,1,3,0,3.0,8.431853144249223,3.1780538303479458,4,1
191,3.5263605246161616,1,1,1,4.0,8.254268770090183,3.0398926893396454,4,1
192,3.58351893845611,1,2,0,1.0,8.272570608424903,3.295836866004329,4,1
193,3.367295829986474,1,2,2,1.0,7.653494909661253,1.791759469228055,0,0
194,3.044522437723423,1,2,2,4.0,8.016647877057803,3.0398926893396454,0,1
195,3.5263605246161616,2,3,0,1.0,7.313886831633462,2.1972245773362196,1,1
196,3.332204510175204,2,2,0,1.0,7.231287004327616,1.791759469228055,0,0
197,3.295836866004329,2,2,2,4.0,6.85751406254539,2.4849066497880004,2,1
198,3.58351893845611,1,2,1,1.0,7.9229859587111955,3.1780538303479458,3,0
199,3.6888794541139363,1,3,0,1.0,8.365672383774996,2.8903717578961645,2,1
200,3.9512437185814275,1,2,0,2.0,6.841615476477592,2.1972245773362196,1,0
201,3.295836866004329,1,1,0,1.0,7.0630481633881725,2.4849066497880004,3,0
202,3.258096538021482,1,2,0,1.0,8.540323608805092,3.295836866004329,4,0
203,3.044522437723423,1,2,2,1.0,6.804614520062624,2.4849066497880004,1,1
204,3.6375861597263857,1,1,0,1.0,7.3098814858247865,2.4849066497880004,3,0
205,3.6375861597263857,1,3,1,1.0,8.092929899389704,3.4011973816621555,3,0
206,3.7612001156935624,1,2,0,1.0,7.5678626054638825,2.4849066497880004,2,0
207,3.258096538021482,1,2,0,1.0,7.261225091971921,2.4849066497880004,5,0
208,3.044522437723423,1,1,0,1.0,8.789964651132264,3.1780538303479458,4,0
209,4.007333185232471,1,2,0,3.0,7.253470382684528,2.4849066497880004,3,0
210,3.4965075614664802,1,2,0,1.0,8.03073492409854,2.1972245773362196,0,0
211,3.8066624897703196,2,1,0,1.0,8.251924713801357,3.58351893845611,0,0
212,3.912023005428146,1,2,0,1.0,8.574140471857987,3.295836866004329,4,1
213,3.5708276323378,1,3,0,1.0,7.553810852008231,3.4011973816621555,4,1
214,3.9318256327243257,1,2,0,1.0,8.114324709155339,3.58351893845611,0,0
215,3.6635616461296463,2,1,0,1.0,6.837332814685591,1.791759469228055,1,0
216,3.4339872044851463,1,2,0,1.0,8.04044688130311,2.8903717578961645,4,0
217,3.1354942159291497,1,2,0,1.0,8.272059622210412,3.58351893845611,0,0
218,3.1780538303479458,1,1,2,1.0,8.013343181386672,3.1780538303479458,2,0
219,4.1588830833596715,2,2,0,1.0,7.218176838403408,2.302585092994046,3,0
220,3.258096538021482,1,1,0,1.0,6.437751649736401,2.4849066497880004,0,0
221,3.1354942159291497,2,2,2,1.0,7.090076835776092,2.4849066497880004,1,0
222,3.4011973816621555,1,2,0,1.0,6.561030665896573,2.4849066497880004,0,0
223,3.4657359027997265,1,2,0,1.0,7.999007213243955,3.1780538303479458,4,0
224,3.4011973816621555,1,2,0,1.0,8.446126742982377,2.70805020110221,3,0
225,3.295836866004329,1,2,0,1.0,7.868254265520613,3.58351893845611,6,0
226,3.295836866004329,1,2,0,3.0,8.092929899389704,3.0398926893396454,0,1
227,3.970291913552122,1,3,1,1.0,8.970177815492379,2.4849066497880004,2,1
228,3.091042453358316,1,2,0,1.0,7.298445101508147,2.1972245773362196,0,1
229,3.091042453358316,1,2,1,1.0,8.054840221101024,3.1780538303479458,2,0
230,3.258096538021482,1,2,0,1.0,8.345217926676428,3.58351893845611,0,1
231,3.9318256327243257,1,1,1,2.0,7.826842098158293,2.1972245773362196,3,0
232,3.5553480614894135,1,2,0,4.0,7.669028288589683,2.4849066497880004,0,0
233,3.2188758248682006,1,1,0,1.0,6.763884908562435,2.8903717578961645,0,0
234,3.7376696182833684,1,1,0,1.0,7.342131730584722,1.3862943611198906,0,0
235,3.4011973816621555,1,3,0,1.0,7.508238774678663,3.1780538303479458,0,1
236,3.1354942159291497,1,0,0,1.0,8.092929899389704,1.791759469228055,3,1
237,4.110873864173311,1,1,2,4.0,7.925518979786926,3.044522437723423,4,1
238,3.5553480614894135,2,2,0,1.0,7.1631723908466425,2.4849066497880004,0,0
239,3.6635616461296463,1,2,0,1.0,7.8328075165248645,3.4011973816621555,0,0
240,3.367295829986474,2,2,0,1.0,6.818924065275521,3.1780538303479458,3,1
241,3.9318256327243257,1,2,0,1.0,7.374629015218945,1.791759469228055,0,0
242,3.1780538303479458,1,2,1,1.0,8.434897948689407,3.0398926893396454,3,1
243,3.295836866004329,2,2,0,1.0,7.077498053569231,2.4849066497880004,4,0
244,3.5553480614894135,2,1,0,2.0,8.145259566516865,2.4849066497880004,1,0
245,3.2188758248682006,1,2,0,1.0,7.1372784372603855,3.1780538303479458,4,0
246,3.9512437185814275,1,2,0,1.0,6.57507584059962,2.4849066497880004,0,0
247,3.5553480614894135,1,2,2,4.0,7.093404625868766,1.791759469228055,3,0
248,3.258096538021482,1,2,0,1.0,7.562681246721884,3.1780538303479458,2,0
249,3.091042453358316,2,2,2,1.0,6.07073772800249,2.8903717578961645,0,1
250,3.6635616461296463,2,1,0,3.0,6.501289670540389,1.791759469228055,3,0
251,3.828641396489095,2,1,0,1.0,7.719129840906732,2.4849066497880004,2,0
252,3.1780538303479458,2,2,0,1.0,7.673223121121708,3.4011973816621555,3,1
253,3.5553480614894135,1,2,0,4.0,8.33110454805304,3.1780538303479458,2,0
254,3.1780538303479458,1,2,0,1.0,7.615791072035833,2.1972245773362196,2,0
255,3.295836866004329,1,1,0,1.0,8.911664758049536,3.0398926893396454,0,0
256,3.5553480614894135,1,1,0,1.0,7.895063498091573,3.1780538303479458,0,0
257,3.367295829986474,1,2,1,1.0,7.67275789664251,2.4849066497880004,0,1
258,3.1354942159291497,2,2,0,4.0,8.245909264774093,2.70805020110221,3,0
259,4.04305126783455,2,1,0,4.0,7.050989447068045,2.3978952727983707,0,0
260,3.295836866004329,1,2,0,1.0,7.4127640174265625,2.4849066497880004,2,0
261,4.007333185232471,2,2,0,1.0,7.3796321526095525,3.1780538303479458,0,0
262,3.58351893845611,1,3,1,1.0,8.57583938684897,2.8903717578961645,3,0
263,4.04305126783455,2,1,1,1.0,7.91862865334224,2.4849066497880004,1,0
264,3.4657359027997265,1,1,0,1.0,7.115582126184454,2.302585092994046,3,0
265,3.6109179126442243,1,2,0,1.0,6.687108607866515,2.70805020110221,0,1
266,3.58351893845611,1,2,0,1.0,8.748939631537715,3.58351893845611,4,0
267,3.6375861597263857,2,2,0,1.0,7.334981878871814,3.1780538303479458,0,0
268,3.8066624897703196,1,3,0,1.0,8.092929899389704,2.6390573296152584,3,1
269,3.2188758248682006,1,2,0,1.0,6.906754778648554,3.1780538303479458,0,0
270,3.4657359027997265,1,2,0,1.0,7.8868329989550565,2.8903717578961645,3,0
271,3.6109179126442243,2,2,2,2.0,7.2456550675945355,2.4849066497880004,2,0
272,3.58351893845611,1,3,1,1.0,8.092929899389704,3.0398926893396454,3,0
273,3.332204510175204,1,2,0,1.0,8.026170194946426,3.0398926893396454,0,1
274,3.5263605246161616,1,1,0,1.0,8.092929899389704,3.4011973816621555,6,1
275,3.4657359027997265,1,2,0,1.0,7.89989532313973,2.1972245773362196,0,0
276,3.258096538021482,2,2,0,1.0,7.784889295655098,2.8903717578961645,0,0
277,3.8918202981106265,1,1,0,1.0,7.140453043101158,2.4849066497880004,2,0
278,3.4657359027997265,2,2,0,1.0,8.436200032206706,1.791759469228055,2,1
279,3.367295829986474,1,3,2,4.0,7.550135342488429,3.1780538303479458,0,0
280,3.1354942159291497,1,2,2,3.0,8.122074375362217,2.70805020110221,3,0
281,3.912023005428146,1,2,0,1.0,7.3613754289773485,2.4849066497880004,2,0
282,3.8918202981106265,1,1,0,1.0,7.275864600546533,2.8903717578961645,0,0
283,4.143134726391533,1,2,0,1.0,7.326465613840322,2.70805020110221,2,0
284,3.6109179126442243,1,2,0,4.0,8.263074835802596,3.1780538303479458,3,0
285,3.5553480614894135,2,1,0,1.0,8.092929899389704,3.0398926893396454,3,0
286,3.258096538021482,1,2,0,1.0,8.473868066677865,3.0398926893396454,3,0
287,3.4339872044851463,1,3,1,4.0,8.93353229607628,3.0398926893396454,7,0
288,3.8918202981106265,2,2,0,1.0,6.9957661563048505,2.4849066497880004,0,0
289,3.871201010907891,1,2,0,1.0,6.931471805599453,3.1780538303479458,0,1
290,3.258096538021482,1,2,0,1.0,6.98100574072173,2.4849066497880004,4,0
291,3.332204510175204,1,3,2,1.0,8.092929899389704,3.58351893845611,3,1
292,3.784189633918261,2,3,1,1.0,8.767017621311778,3.1780538303479458,3,0
293,4.02535169073515,1,2,1,1.0,8.475537516147405,3.7376696182833684,3,0
294,3.828641396489095,1,3,0,1.0,8.93971205409023,3.0398926893396454,4,0
295,3.258096538021482,2,2,0,1.0,8.092929899389704,3.0398926893396454,2,1
296,2.995732273553991,2,2,2,1.0,8.449984441722787,2.4849066497880004,3,0
297,3.8066624897703196,1,1,0,1.0,7.160069207596127,2.302585092994046,3,0
298,3.7612001156935624,1,2,0,1.0,7.83002808253384,2.8903717578961645,2,0
299,3.4657359027997265,1,2,0,3.0,7.917536353943631,3.044522437723423,2,0
300,3.9889840465642745,2,0,0,1.0,6.51025834052315,1.791759469228055,3,0
301,3.7376696182833684,2,2,0,1.0,8.24380842366528,3.58351893845611,0,1
302,3.6109179126442243,1,1,0,1.0,7.203405521083095,3.1780538303479458,3,1
303,3.8918202981106265,1,2,0,1.0,6.945051063725834,2.302585092994046,3,0
304,3.784189633918261,1,2,1,2.0,8.092929899389704,3.0398926893396454,3,1
305,3.4965075614664802,1,2,0,3.0,7.341483852363161,1.791759469228055,2,0
306,3.1780538303479458,2,1,2,1.0,8.478660241699453,3.4011973816621555,3,0
307,3.4965075614664802,1,1,0,4.0,6.588926477533519,2.4849066497880004,0,1
308,3.1780538303479458,2,2,0,1.0,7.1204443723924875,2.0794415416798357,2,1
309,3.091042453358316,1,1,2,1.0,5.62040086571715,2.1972245773362196,3,0
310,3.6888794541139363,1,0,1,1.0,8.59062950948942,3.0398926893396454,7,0
311,3.2188758248682006,1,2,0,4.0,8.614501373883236,3.1780538303479458,2,0
312,3.258096538021482,2,2,0,1.0,8.229244416735913,3.1780538303479458,2,0
313,3.2188758248682006,1,1,0,1.0,6.529418838262226,2.4849066497880004,3,1
314,3.367295829986474,1,1,0,1.0,7.309212365692763,1.3862943611198906,3,0
315,3.4339872044851463,1,2,0,1.0,7.917900586327916,3.58351893845611,2,1
316,3.6375861597263857,1,1,0,1.0,6.56244409369372,2.4849066497880004,2,0
317,3.871201010907891,2,1,0,1.0,8.37816098272068,3.1780538303479458,2,0
318,3.4657359027997265,1,2,0,1.0,6.55250788703459,2.4849066497880004,1,0
319,3.295836866004329,2,1,0,1.0,8.200562797008564,2.70805020110221,2,0
320,3.332204510175204,1,3,0,1.0,8.354438940114811,3.4011973816621555,3,1
321,3.4657359027997265,1,2,0,1.0,7.569411792450712,3.1780538303479458,0,1
322,3.5263605246161616,1,3,1,1.0,7.975908360165538,3.1780538303479458,3,0
323,3.332204510175204,1,2,0,3.0,7.88570539124302,2.8903717578961645,2,0
324,3.58351893845611,2,2,0,1.0,6.93537044601511,2.8903717578961645,3,0
325,3.6635616461296463,1,1,0,1.0,8.130942302231878,2.0794415416798357,3,0
326,3.8918202981106265,1,2,2,1.0,8.665785595466064,2.4849066497880004,2,0
327,3.5263605246161616,2,2,0,3.0,7.329749689041512,3.1780538303479458,3,0
328,3.4339872044851463,1,2,0,1.0,8.405814603432848,3.58351893845611,0,0
329,3.332204510175204,1,2,0,1.0,6.97354301952014,1.791759469228055,0,0
330,3.5708276323378,1,3,1,1.0,8.797095076549056,3.1780538303479458,3,0
331,3.4011973816621555,2,2,0,4.0,7.530479995245536,2.8903717578961645,1,1
332,3.1780538303479458,2,3,0,4.0,8.910315776326016,3.0398926893396454,3,1
333,3.1780538303479458,2,1,2,4.0,8.092929899389704,3.0398926893396454,3,1
334,3.1354942159291497,1,2,2,1.0,8.32117830749028,3.1780538303479458,2,1
335,3.784189633918261,1,3,2,1.0,8.126813720726114,1.791759469228055,2,1
336,3.1354942159291497,2,1,0,1.0,7.650168700845001,2.5649493574615367,0,0
337,3.1780538303479458,2,2,2,1.0,7.150701457592526,2.70805020110221,5,1
338,3.332204510175204,1,2,0,1.0,8.335431477880796,3.1780538303479458,2,0
339,3.4339872044851463,1,1,0,1.0,7.327123292259293,2.302585092994046,2,0
340,3.1780538303479458,2,2,1,1.0,8.655737000864297,3.1780538303479458,1,0
341,3.258096538021482,2,1,2,1.0,8.188411308079031,3.044522437723423,2,0
342,3.2188758248682006,1,2,2,2.0,8.074960359115858,2.8903717578961645,0,0
343,3.4965075614664802,1,3,0,1.0,8.398184404834035,2.8903717578961645,4,0
344,3.6109179126442243,1,1,0,1.0,8.28121766128665,2.302585092994046,3,0
345,3.7612001156935624,2,1,0,1.0,7.285506548522785,2.70805020110221,0,0
346,3.1354942159291497,1,2,0,1.0,6.782192056006791,2.5649493574615367,0,0
347,3.1354942159291497,2,0,2,2.0,8.231642179973411,3.1780538303479458,0,0
348,3.5263605246161616,1,1,0,4.0,7.463363045520021,1.791759469228055,4,0
349,3.4657359027997265,1,2,1,3.0,7.035268599281097,2.1972245773362196,1,1
350,3.1354942159291497,2,2,2,1.0,7.119635638017636,2.1972245773362196,5,0
351,3.367295829986474,2,2,0,1.0,6.8658910748834385,2.1972245773362196,2,1
352,3.6375861597263857,1,3,0,1.0,8.079927770758275,2.8903717578961645,3,0
353,3.332204510175204,1,2,2,1.0,8.73214326770192,2.4849066497880004,0,1
354,3.828641396489095,1,2,1,2.0,6.588926477533519,2.302585092994046,1,0
355,3.1354942159291497,1,1,0,1.0,7.1276936993473985,3.1780538303479458,3,1
356,3.8918202981106265,1,2,0,1.0,7.754052639035757,2.4849066497880004,0,0
357,3.258096538021482,1,3,0,1.0,8.40357646462927,3.58351893845611,0,1
358,3.332204510175204,1,2,0,1.0,6.654152520183219,2.4849066497880004,0,0
359,3.1354942159291497,2,2,2,1.0,7.785720896534624,3.4011973816621555,2,1
360,4.110873864173311,1,2,1,1.0,7.122059881629142,2.8903717578961645,1,0
361,3.6109179126442243,1,3,0,1.0,8.131236549696116,2.4849066497880004,0,0
362,3.58351893845611,2,2,0,1.0,7.717351272185329,2.4849066497880004,3,0
363,3.044522437723423,1,2,2,1.0,7.476472381163905,1.791759469228055,2,0
364,3.2188758248682006,1,0,0,1.0,7.813187267521416,2.8903717578961645,2,1
365,3.58351893845611,1,2,0,1.0,7.340835554123275,2.4849066497880004,4,0
366,3.295836866004329,1,2,0,1.0,8.25582842728183,2.8903717578961645,3,0
367,3.091042453358316,2,2,2,1.0,8.202482446576537,2.8903717578961645,2,0
368,3.7376696182833684,1,2,0,1.0,8.144969417087875,3.58351893845611,2,1
369,3.6888794541139363,2,2,2,1.0,8.006700845440367,2.8903717578961645,2,0
370,3.58351893845611,1,2,0,1.0,8.0323601479245,3.58351893845611,3,0
371,3.4965075614664802,1,2,0,1.0,8.711113884053544,2.8903717578961645,0,0
372,3.1354942159291497,2,2,2,1.0,7.671360923190644,2.302585092994046,2,0
373,4.143134726391533,1,3,1,1.0,8.092929899389704,3.0398926893396454,3,0
374,4.0943445622221,2,3,1,4.0,8.092929899389704,3.0398926893396454,7,1
375,3.6109179126442243,2,2,2,1.0,8.947025655972697,3.0398926893396454,4,1
376,3.5263605246161616,1,2,0,1.0,7.749322464660356,2.8903717578961645,0,0
377,3.58351893845611,1,2,1,1.0,6.740519359606223,1.9459101490553132,0,0
378,4.04305126783455,1,3,1,1.0,8.092929899389704,3.58351893845611,3,1
379,3.9512437185814275,2,1,0,4.0,5.8916442118257715,1.791759469228055,3,0
380,3.6635616461296463,1,2,0,1.0,7.701652362642226,2.995732273553991,2,0
381,3.6375861597263857,2,3,1,1.0,8.092929899389704,2.8903717578961645,3,1
382,3.2188758248682006,2,2,2,1.0,7.1569563646156364,3.091042453358316,3,0
383,3.258096538021482,1,2,0,1.0,7.1929342212158,2.4849066497880004,3,0
384,3.258096538021482,1,1,0,4.0,8.35983738064003,3.4011973816621555,4,0
385,3.2188758248682006,2,2,0,1.0,7.71333788887187,2.8903717578961645,0,0
386,3.044522437723423,2,2,2,1.0,7.026426808699636,2.8903717578961645,0,0
387,3.6888794541139363,1,3,0,1.0,8.90571557879409,2.8903717578961645,2,0
388,3.295836866004329,1,2,0,2.0,7.75190533307861,2.70805020110221,4,0
389,3.295836866004329,2,2,0,1.0,7.278628942320682,2.1972245773362196,4,0
390,3.4011973816621555,1,3,0,1.0,7.506591780070841,2.8903717578961645,3,0
391,2.9444389791664403,2,1,2,3.0,6.890609120147166,2.4849066497880004,2,0
392,3.6635616461296463,1,3,1,1.0,8.0861025356691,3.58351893845611,3,0
393,3.4339872044851463,2,2,0,1.0,7.579167967396076,1.791759469228055,0,0
394,3.4339872044851463,1,3,0,1.0,7.785720896534624,2.1972245773362196,2,0
395,3.4657359027997265,1,2,2,4.0,8.092929899389704,3.6635616461296463,1,0
396,4.007333185232471,2,3,1,1.0,7.8547691834991324,2.4849066497880004,2,0
397,3.828641396489095,1,2,0,1.0,7.761319180947987,3.58351893845611,2,0
398,3.828641396489095,1,2,2,1.0,7.109062135687172,2.4849066497880004,3,1
399,3.7612001156935624,2,1,0,3.0,7.323830566202317,3.1780538303479458,0,0
400,3.6635616461296463,1,2,0,1.0,7.29505641646263,2.8903717578961645,0,0
401,3.332204510175204,1,2,0,1.0,7.54274354536855,2.8903717578961645,4,0
402,3.295836866004329,1,2,0,1.0,8.092929899389704,3.1780538303479458,4,1
403,3.295836866004329,1,1,0,1.0,6.687108607866515,2.6390573296152584,3,0
404,3.7612001156935624,1,2,0,1.0,7.972121128921655,2.8903717578961645,3,0
405,3.091042453358316,1,2,0,1.0,7.620214770574455,3.1780538303479458,0,1
406,3.7612001156935624,1,2,0,1.0,7.69484807238461,3.1780538303479458,3,0
407,3.295836866004329,1,2,0,1.0,6.959398512133975,2.70805020110221,0,0
408,3.258096538021482,1,3,0,2.0,8.081784206935001,3.1780538303479458,0,0
409,3.332204510175204,1,2,0,2.0,6.844815479208263,2.4849066497880004,3,1
410,2.995732273553991,2,2,0,1.0,7.584264818389059,3.1780538303479458,0,0
411,3.5553480614894135,1,3,0,1.0,8.889170455363413,3.4965075614664802,3,0
412,3.7376696182833684,1,3,0,1.0,7.73718007783463,2.4849066497880004,4,1
413,3.6888794541139363,1,1,2,2.0,7.3758821482150125,2.302585092994046,3,0
414,3.5553480614894135,2,2,0,1.0,7.2305631534092925,3.1780538303479458,3,1
415,3.5553480614894135,1,2,0,1.0,8.672828482947686,3.58351893845611,3,0
416,3.4965075614664802,1,1,0,1.0,7.8551570058813445,2.4849066497880004,3,1
417,3.1354942159291497,2,2,2,1.0,8.092929899389704,2.8903717578961645,1,0
418,3.4339872044851463,2,3,0,2.0,7.930925372483388,3.044522437723423,3,0
419,3.4965075614664802,2,2,0,1.0,6.948897222313312,2.8903717578961645,3,1
420,2.995732273553991,2,2,2,3.0,8.066521490469993,2.70805020110221,3,0
421,3.4011973816621555,1,2,0,1.0,7.614805364711073,2.4849066497880004,3,0
422,3.8501476017100584,1,1,0,1.0,6.86484777797086,2.4849066497880004,3,0
423,3.5263605246161616,1,3,0,4.0,7.372118028337787,3.044522437723423,2,0
424,3.2188758248682006,2,2,0,1.0,7.923710333969238,2.4849066497880004,2,1
425,3.044522437723423,1,2,2,1.0,7.929846429742503,2.8903717578961645,3,0
426,3.367295829986474,1,2,0,1.0,7.916807490937603,3.332204510175204,0,0
427,3.828641396489095,1,2,0,3.0,7.046647277848756,2.8903717578961645,0,0
428,2.995732273553991,1,2,0,1.0,7.180069874302796,2.1972245773362196,2,0
429,4.007333185232471,2,0,1,1.0,7.081708586105575,2.8903717578961645,6,1
430,3.5708276323378,1,1,0,1.0,8.145549631783584,1.6094379124341003,4,0
431,3.367295829986474,1,3,0,1.0,8.092929899389704,3.1780538303479458,7,1
432,3.58351893845611,1,3,1,1.0,7.534762657037537,1.791759469228055,2,0
433,3.4965075614664802,1,2,0,1.0,7.629489916393995,3.1780538303479458,6,0
434,3.2188758248682006,1,2,0,1.0,7.666690200080086,2.1972245773362196,2,0
435,3.2188758248682006,1,2,0,1.0,7.302496423727326,2.4849066497880004,0,1
436,3.1354942159291497,1,1,2,2.0,6.492239835020471,1.791759469228055,6,0
437,3.6109179126442243,2,2,0,3.0,7.160069207596127,3.1780538303479458,3,0
438,3.5708276323378,1,0,0,1.0,8.129764445794171,3.7376696182833684,6,0
439,3.258096538021482,2,0,0,1.0,6.411818267709897,2.4849066497880004,4,1
440,3.6635616461296463,1,3,0,1.0,7.5411524551363085,2.4849066497880004,3,0
441,3.4011973816621555,2,2,0,1.0,7.3901814282264295,2.4849066497880004,2,0
442,3.367295829986474,1,2,0,1.0,7.874358824729881,2.995732273553991,7,0
443,3.713572066704308,1,1,0,1.0,6.577861357721047,2.4849066497880004,1,1
444,3.4011973816621555,2,3,0,1.0,8.536211197252,3.0398926893396454,2,1
445,3.713572066704308,2,1,2,1.0,7.126087273299125,2.1972245773362196,1,0
446,3.5263605246161616,2,2,0,1.0,7.518607216815252,3.58351893845611,3,1
447,3.5553480614894135,1,2,0,1.0,7.853993087224244,1.9459101490553132,0,0
448,4.007333185232471,2,3,0,1.0,7.261225091971921,2.4849066497880004,2,0
449,4.110873864173311,1,2,0,3.0,7.321188556739478,2.70805020110221,6,1
450,3.4011973816621555,1,3,0,1.0,8.092929899389704,3.58351893845611,3,0
451,3.367295829986474,2,2,0,1.0,6.249975242259483,1.791759469228055,0,0
452,3.5263605246161616,1,2,0,1.0,7.922623574217286,2.4849066497880004,2,0
453,3.5553480614894135,1,3,0,1.0,7.8898337513942955,3.1780538303479458,3,0
454,3.4339872044851463,1,2,0,1.0,8.479906606630221,3.1780538303479458,3,1
455,3.367295829986474,2,3,0,1.0,7.893198869544609,3.1780538303479458,3,0
456,3.58351893845611,1,2,2,1.0,8.270013062273787,2.3978952727983707,3,0
457,3.5553480614894135,1,2,1,1.0,8.12740456269308,2.4849066497880004,3,1
458,3.295836866004329,2,2,0,1.0,5.8377304471659395,1.791759469228055,5,0
459,3.4657359027997265,1,2,0,1.0,8.432506383249043,2.8903717578961645,0,0
460,3.6109179126442243,1,2,0,1.0,8.194229304819817,3.58351893845611,2,0
461,3.58351893845611,1,2,0,1.0,7.450660796211539,2.70805020110221,3,0
462,3.5263605246161616,2,3,2,1.0,8.012018239159062,2.4849066497880004,2,0
463,3.6375861597263857,1,2,0,1.0,6.625392368007956,2.4849066497880004,1,0
464,3.5263605246161616,1,2,0,1.0,7.575584651557793,2.8903717578961645,4,0
465,4.143134726391533,1,2,0,1.0,7.980707820869669,3.1780538303479458,3,0
466,3.367295829986474,2,1,2,1.0,7.413970290190444,3.1780538303479458,0,1
467,3.4657359027997265,1,2,0,1.0,8.887100204123687,3.0398926893396454,0,0
468,3.258096538021482,2,2,0,1.0,7.92443418488756,3.4965075614664802,4,0
469,3.5553480614894135,1,1,0,1.0,8.450839690866216,3.1780538303479458,3,0
470,3.091042453358316,1,2,2,4.0,8.036573409707312,3.1780538303479458,0,1
471,3.1354942159291497,2,2,0,1.0,6.104793232414985,1.791759469228055,1,1
472,3.332204510175204,1,1,0,1.0,6.483107351457199,2.1972245773362196,3,1
473,3.58351893845611,1,3,0,1.0,7.121252453244542,1.791759469228055,1,0
474,3.4965075614664802,1,2,0,1.0,7.126890808898808,2.8903717578961645,0,1
475,3.258096538021482,2,2,2,1.0,8.043663352393944,2.8903717578961645,2,1
476,3.1780538303479458,1,2,0,2.0,7.851271997109883,3.6635616461296463,3,0
477,3.2188758248682006,1,2,0,1.0,8.54714026778419,3.1780538303479458,0,0
478,3.6635616461296463,1,1,0,4.0,6.9440872082295275,2.4849066497880004,4,0
479,3.784189633918261,1,2,0,1.0,7.298445101508147,2.70805020110221,2,0
480,3.1354942159291497,2,1,0,1.0,8.181160858023409,2.4849066497880004,0,0
481,3.258096538021482,1,2,0,1.0,7.0909098220799835,3.1780538303479458,3,0
482,4.04305126783455,2,2,2,3.0,8.19478163844336,3.4011973816621555,2,0
483,3.4011973816621555,2,2,0,3.0,6.866933284461882,2.70805020110221,2,0
484,3.784189633918261,1,2,0,2.0,7.0587581525186645,2.4849066497880004,3,0
485,3.8501476017100584,1,3,0,1.0,7.097548850614793,1.791759469228055,3,1
486,3.9512437185814275,1,2,0,1.0,8.031710375322042,2.4849066497880004,0,0
487,4.127134385045092,2,2,1,1.0,8.231376045573969,3.1780538303479458,3,0
488,3.5553480614894135,1,1,2,4.0,7.257002707092073,2.302585092994046,3,0
489,3.258096538021482,1,2,2,1.0,8.165647925297504,1.791759469228055,3,0
490,3.258096538021482,1,2,0,1.0,7.56734567601324,2.4849066497880004,0,0
491,3.7376696182833684,2,3,1,1.0,8.092929899389704,3.295836866004329,4,1
492,3.295836866004329,2,2,0,4.0,7.1204443723924875,1.791759469228055,0,0
493,3.6375861597263857,1,2,0,1.0,5.908082938168931,1.791759469228055,0,0
494,3.6635616461296463,1,1,2,1.0,7.660114319173928,2.4849066497880004,3,0
495,2.995732273553991,1,2,0,1.0,8.005033344637111,3.1780538303479458,2,1
496,3.367295829986474,1,3,2,4.0,8.092929899389704,3.58351893845611,2,1
497,3.6888794541139363,1,2,0,1.0,7.368339686311381,3.1780538303479458,2,0
498,3.4657359027997265,1,1,0,1.0,7.170888478512505,2.8903717578961645,0,0
499,3.332204510175204,1,2,0,4.0,7.187657164114956,1.791759469228055,3,0
500,3.295836866004329,2,2,0,1.0,8.046549357283078,3.1780538303479458,3,1
501,3.7376696182833684,1,2,1,1.0,8.61122983334262,3.58351893845611,3,0
502,3.8918202981106265,1,2,0,4.0,7.026426808699636,2.1972245773362196,0,0
503,3.6375861597263857,1,2,0,4.0,7.103322062526113,3.1780538303479458,0,1
504,3.1780538303479458,2,2,2,1.0,7.095893221097532,3.1780538303479458,3,1
505,3.295836866004329,1,1,0,1.0,7.1770187659099,2.302585092994046,3,1
506,3.58351893845611,1,2,0,2.0,7.7664168980196555,2.70805020110221,3,0
507,3.5263605246161616,1,3,0,4.0,8.83200393125627,2.70805020110221,3,1
508,3.332204510175204,1,2,0,1.0,7.253470382684528,3.1780538303479458,0,0
509,3.8066624897703196,1,3,0,4.0,8.092929899389704,3.6635616461296463,3,0
510,3.258096538021482,1,2,0,1.0,6.63200177739563,2.4849066497880004,3,1
511,3.4657359027997265,1,3,1,1.0,8.452334619067742,3.58351893845611,3,0
512,3.258096538021482,1,2,2,1.0,7.8961806086154915,2.70805020110221,4,0
513,2.995732273553991,1,2,2,1.0,6.371611847231857,2.4849066497880004,0,0
514,3.9889840465642745,1,2,0,1.0,7.720905251936779,3.1780538303479458,3,0
515,3.6109179126442243,2,2,0,1.0,6.411818267709897,1.791759469228055,3,0
516,3.6888794541139363,1,1,0,1.0,7.215975002651466,1.791759469228055,3,0
517,3.1354942159291497,2,2,2,1.0,8.871645667501872,3.58351893845611,2,1
518,3.7612001156935624,1,2,0,4.0,7.0925737159746784,1.791759469228055,3,0
519,3.58351893845611,1,2,1,1.0,6.551080335043404,1.791759469228055,0,0
520,3.784189633918261,1,2,1,1.0,8.613775289262481,3.1780538303479458,6,0
521,3.1780538303479458,2,2,0,1.0,8.06777619577889,2.8903717578961645,0,1
522,3.970291913552122,1,2,1,1.0,8.870522545103873,3.0398926893396454,2,1
523,3.1354942159291497,2,2,0,4.0,8.15708378502887,3.1780538303479458,3,0
524,3.258096538021482,2,1,0,1.0,7.014814351275545,2.8903717578961645,0,0
525,3.4011973816621555,1,2,0,1.0,8.092929899389704,3.258096538021482,3,0
526,3.4339872044851463,2,2,0,4.0,7.3343293503005365,2.70805020110221,1,0
527,3.7376696182833684,1,1,0,1.0,7.315218389752975,1.3862943611198906,0,0
528,3.4339872044851463,1,2,2,1.0,7.741533589281828,3.58351893845611,0,1
529,3.713572066704308,1,1,0,1.0,6.495265555937008,1.791759469228055,3,0
530,3.4657359027997265,1,2,0,1.0,7.728855823852543,3.58351893845611,1,0
531,3.332204510175204,2,2,2,4.0,7.875119281040293,2.70805020110221,3,1
532,3.713572066704308,1,2,2,1.0,7.315218389752975,2.4849066497880004,3,0
533,3.258096538021482,1,2,0,4.0,7.1785454837637,3.1780538303479458,0,0
534,3.2188758248682006,1,2,0,1.0,8.040768994367578,3.1780538303479458,0,0
535,3.4965075614664802,1,2,2,1.0,7.7488913372555315,3.044522437723423,1,1
536,3.5708276323378,2,3,0,1.0,7.2254814727822945,1.791759469228055,3,0
537,3.6109179126442243,2,2,0,1.0,8.192016914536875,2.8903717578961645,2,0
538,3.7376696182833684,1,3,1,1.0,8.95712413640568,3.0398926893396454,3,1
539,3.8066624897703196,2,1,0,1.0,8.022568946988255,2.8903717578961645,2,0
540,3.1354942159291497,1,2,2,1.0,7.335633981927201,2.4849066497880004,0,1
541,4.0943445622221,1,2,1,1.0,7.616775808698373,3.1780538303479458,3,0
542,3.4339872044851463,1,2,0,1.0,8.756210091886738,3.4011973816621555,2,1
543,3.5263605246161616,1,1,0,1.0,7.9599745280805365,2.8903717578961645,2,1
544,4.110873864173311,1,1,0,1.0,7.134890851565884,2.4849066497880004,3,0
545,3.7612001156935624,1,2,1,1.0,7.195187320178709,3.1780538303479458,3,1
546,3.6109179126442243,2,2,0,1.0,7.611842399580417,3.1780538303479458,3,0
547,3.4657359027997265,1,2,0,1.0,7.347299700743164,3.1780538303479458,0,0
548,3.1780538303479458,2,1,0,1.0,6.439350371100098,2.4849066497880004,0,1
549,3.5553480614894135,1,2,1,1.0,8.092929899389704,3.0398926893396454,3,0
550,3.1354942159291497,2,2,0,1.0,6.903747257584598,2.4849066497880004,6,0
551,3.8066624897703196,1,1,0,2.0,7.4673710669175595,1.791759469228055,0,0
552,3.5263605246161616,1,2,0,1.0,8.85352256068954,3.0398926893396454,0,1
553,3.295836866004329,1,2,0,4.0,7.598399329323964,2.4849066497880004,3,0
554,3.5708276323378,2,3,0,1.0,7.089243155027514,2.1972245773362196,1,0
555,3.091042453358316,1,2,0,1.0,7.193685818395112,2.4849066497880004,0,1
556,3.332204510175204,2,2,0,4.0,7.731053144007127,2.8903717578961645,3,1
557,3.367295829986474,2,2,0,1.0,8.517793011488205,3.044522437723423,3,1
558,3.295836866004329,1,2,0,1.0,8.17526610411206,3.1780538303479458,2,1
559,3.4339872044851463,1,1,0,1.0,7.564238475170491,2.8903717578961645,2,1
560,3.8918202981106265,1,2,1,1.0,7.994294986415977,3.1780538303479458,3,0
561,3.1780538303479458,1,1,2,1.0,7.343426229147367,3.1780538303479458,0,1
562,3.367295829986474,2,2,0,1.0,6.52649485957079,1.791759469228055,0,0
563,3.6109179126442243,1,2,1,1.0,8.092929899389704,3.58351893845611,3,1
564,3.6109179126442243,1,3,0,1.0,8.457867725331422,3.1780538303479458,4,0
565,3.1354942159291497,2,2,2,4.0,7.347943823148687,3.1780538303479458,0,0
566,3.58351893845611,1,2,0,1.0,7.22402480828583,2.4849066497880004,3,1
567,3.5263605246161616,1,2,0,3.0,7.8547691834991324,3.1780538303479458,0,0
568,3.713572066704308,1,2,0,1.0,8.288785810426928,3.0398926893396454,0,0
569,3.4339872044851463,2,2,0,1.0,8.818482267274236,3.0398926893396454,0,1
570,3.1354942159291497,2,1,2,1.0,8.081475040137052,3.1780538303479458,2,1
571,3.6375861597263857,1,2,0,1.0,8.691818541575723,3.4011973816621555,0,0
572,3.258096538021482,2,3,2,1.0,8.600246746551523,3.1780538303479458,3,0
573,3.091042453358316,2,1,0,1.0,6.692083742506628,2.70805020110221,4,0
574,3.295836866004329,1,1,0,1.0,6.9865664594064265,2.1972245773362196,0,0
575,3.1780538303479458,2,2,0,1.0,7.933079771880415,2.70805020110221,2,0
576,3.295836866004329,2,2,0,1.0,7.982757702011113,2.4849066497880004,0,0
577,3.4965075614664802,2,2,0,1.0,7.563719668414366,3.1780538303479458,1,0
578,3.295836866004329,1,2,0,1.0,7.944492163932159,3.58351893845611,3,1
579,3.295836866004329,1,1,0,1.0,6.842683282238422,3.1780538303479458,1,0
580,3.4011973816621555,1,2,0,1.0,6.962243464266207,2.8903717578961645,3,1
581,3.8918202981106265,1,1,0,1.0,8.046869510959576,2.4849066497880004,3,0
582,3.258096538021482,2,2,2,1.0,7.23561914106675,2.1972245773362196,2,0
583,3.4965075614664802,1,1,2,1.0,7.776535028185241,3.58351893845611,6,1
584,3.9512437185814275,2,3,1,1.0,7.665284718471351,2.4849066497880004,3,0
585,2.995732273553991,2,2,2,1.0,7.620214770574455,2.8903717578961645,2,1
586,3.58351893845611,1,2,2,1.0,7.937017489515454,2.1972245773362196,3,0
587,3.044522437723423,1,1,0,1.0,7.161622002939187,2.4849066497880004,2,0
588,3.8501476017100584,1,1,0,1.0,7.104144092987527,2.8903717578961645,5,1
589,4.0943445622221,1,2,0,1.0,7.716906135298388,2.4849066497880004,2,1
590,4.060443010546419,2,1,0,1.0,5.953243334287785,2.4849066497880004,0,0
591,3.7376696182833684,2,2,2,1.0,7.583247524303362,3.1780538303479458,3,0
592,3.58351893845611,2,1,0,3.0,7.360103972989152,3.044522437723423,4,0
593,2.995732273553991,2,1,2,1.0,7.907651594711089,3.1780538303479458,3,1
594,3.6888794541139363,1,3,0,1.0,7.213768308118642,3.1780538303479458,7,1
595,3.4657359027997265,2,1,0,4.0,6.836259277277067,1.791759469228055,3,1
596,3.1354942159291497,2,2,2,1.0,7.273786317844895,3.1780538303479458,3,1
597,3.58351893845611,1,1,0,1.0,8.352554369474591,3.1780538303479458,4,1
598,3.4339872044851463,1,2,0,1.0,7.928406026180535,2.8903717578961645,3,1
599,3.4657359027997265,1,2,1,1.0,8.259199362666282,3.1780538303479458,4,0
600,3.8066624897703196,2,2,0,1.0,7.753194269884341,1.9459101490553132,0,0
601,3.4011973816621555,2,2,0,1.0,6.822197390620491,2.1972245773362196,2,1
602,3.5263605246161616,2,1,1,1.0,7.515889085215125,3.1780538303479458,1,1
603,3.332204510175204,2,3,0,1.0,8.116417072794205,3.58351893845611,2,1
604,3.1354942159291497,2,2,0,1.0,7.150701457592526,2.302585092994046,2,0
605,3.091042453358316,1,2,0,2.0,7.947325027016463,3.1780538303479458,2,0
606,3.5708276323378,1,3,0,1.0,8.417593826193484,3.1780538303479458,4,0
607,3.912023005428146,2,2,1,4.0,7.890208213109961,3.58351893845611,0,1
608,3.4965075614664802,1,2,0,1.0,7.62608275807238,2.8903717578961645,0,0
609,3.8066624897703196,1,2,1,1.0,7.170119543449628,2.70805020110221,3,0
610,3.091042453358316,2,2,0,4.0,6.608000625296087,2.4849066497880004,5,1
611,3.871201010907891,2,1,1,4.0,7.122866658599083,2.302585092994046,3,1
612,3.367295829986474,2,2,0,3.0,8.118802996980035,3.044522437723423,0,0
613,3.091042453358316,2,2,2,1.0,8.197538739721184,3.1780538303479458,3,0
614,3.091042453358316,2,2,0,1.0,7.4999765409521215,2.8903717578961645,2,1
615,3.871201010907891,1,3,0,1.0,8.092929899389704,3.0398926893396454,4,0
616,3.295836866004329,1,3,1,1.0,8.092929899389704,3.0398926893396454,0,0
617,3.6109179126442243,1,2,2,1.0,8.209580483475577,1.791759469228055,3,0
618,3.044522437723423,2,2,2,4.0,8.14351740579748,3.4011973816621555,2,1
619,3.8918202981106265,1,1,0,1.0,6.461468176353717,2.4849066497880004,3,0
620,3.295836866004329,1,2,0,1.0,8.20303024171486,3.044522437723423,4,0
621,3.4657359027997265,1,2,0,1.0,7.333023014386481,2.8903717578961645,3,1
622,3.6375861597263857,1,2,0,1.0,8.272315147956022,3.0398926893396454,4,1
623,3.091042453358316,2,2,2,1.0,7.527255919373784,2.4849066497880004,2,0
624,3.5708276323378,1,2,1,1.0,7.8632667240095735,2.8903717578961645,0,1
625,3.5553480614894135,1,2,0,1.0,7.590346945602565,2.70805020110221,0,0
626,3.713572066704308,1,2,0,1.0,7.65728279297819,1.791759469228055,2,0
627,3.367295829986474,1,2,0,4.0,7.270312886079025,2.1972245773362196,3,1
628,3.58351893845611,1,2,0,2.0,8.304494897963567,3.7376696182833684,2,0
629,4.1588830833596715,1,1,0,1.0,8.251142139090751,2.1972245773362196,1,0
630,3.332204510175204,2,2,0,1.0,8.205218426395412,3.1780538303479458,0,0
631,3.784189633918261,1,2,0,1.0,7.347943823148687,2.8903717578961645,2,1
632,3.1354942159291497,1,2,0,1.0,7.275172319452771,2.70805020110221,0,0
633,2.9444389791664403,2,2,2,1.0,7.590852123688581,2.1972245773362196,2,1
634,3.2188758248682006,2,1,0,1.0,7.2115567333138015,3.1780538303479458,3,1
635,3.8501476017100584,1,2,0,1.0,7.239214973779806,2.4849066497880004,1,0
636,3.332204510175204,2,2,0,2.0,7.226936018493289,3.1780538303479458,0,0
637,3.044522437723423,1,2,0,1.0,8.092929899389704,3.0398926893396454,0,0
638,3.5263605246161616,2,2,0,1.0,7.30854279753919,2.4849066497880004,0,0
639,3.258096538021482,1,2,0,1.0,8.382518288089635,3.7376696182833684,0,1
640,3.295836866004329,2,0,0,1.0,6.620073206530356,2.8903717578961645,1,1
641,3.6375861597263857,1,1,0,1.0,7.176254532017144,2.70805020110221,6,0
642,3.6888794541139363,1,3,0,4.0,8.438799123988225,2.70805020110221,1,1
643,3.4965075614664802,1,2,0,1.0,7.523481312573497,3.1780538303479458,0,0
644,3.4657359027997265,1,3,0,1.0,7.539027055823995,2.8903717578961645,0,0
645,3.295836866004329,1,2,2,1.0,8.092929899389704,3.58351893845611,4,1
646,3.4657359027997265,1,2,0,1.0,8.430109084509125,3.4011973816621555,2,0
647,3.258096538021482,2,2,0,2.0,7.234177179749849,2.4849066497880004,3,1
648,3.6375861597263857,1,2,1,1.0,6.853299093186078,3.1780538303479458,3,1
649,3.6888794541139363,1,1,2,1.0,6.52795791762255,2.4849066497880004,1,1
650,3.912023005428146,1,3,1,1.0,8.919453168575453,3.0398926893396454,1,0
651,3.6109179126442243,1,1,0,1.0,7.561121589530238,2.4849066497880004,2,1
652,3.8066624897703196,1,2,0,1.0,7.741967899820685,3.1780538303479458,3,1
653,3.7376696182833684,1,3,0,4.0,8.092929899389704,3.58351893845611,3,1
654,3.5553480614894135,1,2,0,1.0,7.76046702921342,3.1780538303479458,3,0
655,3.091042453358316,1,2,1,1.0,8.287276755814599,2.6390573296152584,3,0
656,3.713572066704308,1,1,0,1.0,6.78897174299217,2.4849066497880004,3,1
657,3.6109179126442243,1,2,0,1.0,8.092929899389704,3.0398926893396454,0,0
658,3.332204510175204,2,2,0,1.0,8.347827345782498,3.4011973816621555,4,0
659,3.713572066704308,1,2,0,1.0,8.757940876678804,2.8903717578961645,2,0
660,3.1354942159291497,1,2,2,1.0,7.167809184316444,2.4849066497880004,0,0
661,3.1354942159291497,1,2,0,1.0,6.802394763324311,2.4849066497880004,3,1
662,3.912023005428146,1,2,0,1.0,7.714677473800927,3.044522437723423,2,0
663,3.5553480614894135,1,3,0,1.0,6.956545443151569,1.791759469228055,2,0
664,3.912023005428146,2,1,0,1.0,6.953684210870537,1.791759469228055,1,0
665,3.295836866004329,1,3,0,1.0,8.750524669117937,3.1780538303479458,7,0
666,3.5263605246161616,1,2,0,3.0,8.159374736775426,3.4011973816621555,2,0
667,3.295836866004329,2,2,0,1.0,8.19118600464279,3.0398926893396454,4,0
668,3.7612001156935624,1,2,2,1.0,8.48528964240323,2.4849066497880004,3,1
669,3.8501476017100584,1,2,0,1.0,8.012018239159062,3.4011973816621555,0,0
670,3.295836866004329,1,1,0,4.0,8.328209491748732,3.1780538303479458,4,0
671,3.4339872044851463,1,2,0,4.0,8.655562860681009,3.58351893845611,4,0
672,3.7376696182833684,1,3,0,1.0,8.092929899389704,3.0398926893396454,3,0
673,3.1780538303479458,1,2,0,2.0,7.640123172695364,1.791759469228055,3,0
674,3.713572066704308,1,1,0,2.0,7.855544677915663,3.044522437723423,4,1
675,3.258096538021482,2,3,2,1.0,8.41847721847708,3.4011973816621555,0,0
676,3.4965075614664802,1,2,0,1.0,8.546751993657782,3.1780538303479458,2,0
677,3.1780538303479458,1,2,0,4.0,8.629628620746026,3.0398926893396454,0,1
678,4.1588830833596715,1,1,2,1.0,7.776535028185241,3.1780538303479458,0,0
679,3.258096538021482,2,2,0,1.0,7.2813856635702825,2.8903717578961645,0,0
680,4.02535169073515,2,2,0,1.0,7.338238150065589,1.791759469228055,1,0
681,3.6109179126442243,1,2,1,1.0,7.731492029245684,2.4849066497880004,0,0
682,3.4965075614664802,1,2,0,1.0,7.298445101508147,2.70805020110221,0,0
683,3.8501476017100584,1,2,1,1.0,8.537583881063972,3.1780538303479458,0,0
684,3.4339872044851463,1,1,0,4.0,8.092929899389704,3.58351893845611,4,0
685,3.5263605246161616,1,2,1,1.0,8.783702698635217,3.0398926893396454,3,0
686,3.295836866004329,1,2,0,1.0,7.205635176410364,2.302585092994046,0,0
687,3.4011973816621555,1,2,1,4.0,7.959275960116396,3.58351893845611,3,0
688,3.5553480614894135,1,2,0,4.0,7.920446505142607,2.1972245773362196,0,0
689,3.4339872044851463,1,2,0,3.0,8.202756381655638,2.4849066497880004,3,0
690,3.2188758248682006,1,2,0,1.0,6.882437470997847,2.70805020110221,2,0
691,3.2188758248682006,2,1,0,4.0,7.875119281040293,2.70805020110221,6,0
692,3.367295829986474,1,2,0,4.0,7.971085753505607,3.1780538303479458,0,0
693,3.784189633918261,1,1,0,1.0,8.458716261657262,1.791759469228055,3,0
694,3.332204510175204,1,2,0,1.0,7.7336835707759,3.1780538303479458,0,0
695,3.912023005428146,1,2,2,2.0,7.119635638017636,1.791759469228055,3,0
696,3.367295829986474,1,2,0,1.0,7.005789019253503,2.4849066497880004,0,0
697,3.6375861597263857,2,0,0,1.0,6.8308742346461795,2.4849066497880004,3,0
698,3.1780538303479458,1,2,0,1.0,7.495541943884256,2.8903717578961645,0,0
699,3.6888794541139363,1,3,2,1.0,7.552237287560802,2.70805020110221,1,0
700,3.367295829986474,2,1,2,2.0,7.023758954738443,2.4849066497880004,2,1
701,3.828641396489095,1,2,1,1.0,8.753213480544126,3.0398926893396454,3,1
702,3.8501476017100584,2,2,1,4.0,7.227662498728654,3.1780538303479458,0,0
703,3.713572066704308,1,2,0,4.0,7.8252452914317745,3.4011973816621555,4,0
704,3.4657359027997265,2,2,0,1.0,7.8351837552667485,3.295836866004329,4,0
705,3.5553480614894135,2,2,1,2.0,8.579980179515003,2.70805020110221,3,0
706,3.1780538303479458,1,2,0,4.0,8.788745881938135,3.0398926893396454,3,1
707,3.2188758248682006,2,2,2,1.0,7.99598047476376,2.4849066497880004,2,1
708,3.2188758248682006,2,2,0,1.0,7.095064377287131,2.1972245773362196,0,0
709,3.6109179126442243,1,1,0,1.0,7.658227526161352,2.1972245773362196,0,0
710,3.4657359027997265,1,3,0,2.0,6.444131256700441,2.8903717578961645,0,0
711,3.5553480614894135,2,2,1,1.0,7.088408778675395,1.791759469228055,1,1
712,3.828641396489095,1,3,0,1.0,7.814399633804487,3.044522437723423,3,0
713,3.2188758248682006,1,1,0,1.0,7.037027614686276,2.1972245773362196,0,0
714,3.295836866004329,1,3,0,1.0,8.092929899389704,3.0398926893396454,3,1
715,4.143134726391533,1,2,0,1.0,8.935377071932177,3.4011973816621555,3,0
716,3.6888794541139363,1,2,0,1.0,8.031710375322042,3.4011973816621555,0,0
717,3.4657359027997265,1,3,1,1.0,7.316548177182976,2.8903717578961645,0,0
718,3.4339872044851463,1,2,0,1.0,8.054522609537294,3.1780538303479458,0,0
719,3.4339872044851463,1,2,0,4.0,8.723882104658486,2.995732273553991,3,0
720,3.5263605246161616,1,3,0,1.0,7.198183577101943,2.1972245773362196,0,1
721,3.1780538303479458,2,2,2,3.0,6.07073772800249,1.791759469228055,1,1
722,3.1780538303479458,2,1,0,1.0,7.113142108707088,2.4849066497880004,3,1
723,3.5708276323378,2,1,0,2.0,6.672032945461067,2.1972245773362196,0,0
724,3.044522437723423,2,2,2,1.0,7.851661177889265,3.295836866004329,3,1
725,3.713572066704308,2,1,0,3.0,5.521460917862246,1.791759469228055,3,0
726,3.8501476017100584,1,1,0,2.0,7.182352111885263,2.70805020110221,0,0
727,3.2188758248682006,2,2,2,1.0,7.540090320145325,2.8903717578961645,0,1
728,4.07753744390572,2,2,2,1.0,8.766550149546351,3.0398926893396454,4,1
729,3.58351893845611,1,2,0,3.0,7.150701457592526,3.1780538303479458,4,0
730,3.4965075614664802,1,2,0,1.0,8.764521909518802,3.1780538303479458,0,0
731,3.044522437723423,1,1,2,1.0,7.594381242551817,3.1780538303479458,0,1
732,3.784189633918261,2,1,0,1.0,6.633318433280377,2.0794415416798357,0,0
733,3.332204510175204,2,2,2,3.0,7.864419904994565,3.1780538303479458,3,0
734,3.6109179126442243,2,2,0,1.0,8.125630988477065,1.3862943611198906,3,0
735,3.367295829986474,2,0,0,1.0,8.29154650988391,3.58351893845611,5,0
736,3.1354942159291497,2,3,2,1.0,8.092929899389704,3.1780538303479458,3,1
737,3.5553480614894135,1,1,0,4.0,8.384804003370492,2.8903717578961645,3,0
738,3.8066624897703196,1,3,0,1.0,8.818926087090677,1.791759469228055,3,0
739,3.258096538021482,2,1,2,4.0,8.361708288575842,3.4011973816621555,4,1
740,3.4657359027997265,1,2,0,4.0,7.751475318021456,3.1780538303479458,3,0
741,3.1354942159291497,1,1,0,1.0,6.954638864880987,2.302585092994046,0,0
742,3.713572066704308,1,2,0,1.0,8.058327306580958,3.044522437723423,0,0
743,3.091042453358316,1,2,0,2.0,7.817222785508166,3.1780538303479458,2,0
744,3.4011973816621555,1,3,0,1.0,8.092929899389704,3.6635616461296463,2,0
745,3.332204510175204,1,1,0,1.0,7.493873886783559,2.5649493574615367,4,0
746,3.1354942159291497,2,2,2,1.0,7.828436359157585,2.70805020110221,3,0
747,3.6109179126442243,2,1,0,1.0,7.149916836132109,2.4849066497880004,3,1
748,3.258096538021482,1,2,0,1.0,8.565602330623925,3.044522437723423,3,0
749,3.4965075614664802,1,2,0,1.0,8.015987811027237,2.70805020110221,3,0
750,3.8918202981106265,2,2,0,1.0,6.059123195581797,1.791759469228055,2,0
751,3.1354942159291497,2,1,0,1.0,6.883462586413092,2.8903717578961645,3,1
752,3.1354942159291497,2,1,2,4.0,6.734591659972948,2.4849066497880004,4,0
753,3.2188758248682006,2,2,0,1.0,8.660600654710967,3.4011973816621555,0,0
754,4.007333185232471,1,2,1,3.0,7.349230824613334,2.4849066497880004,6,1
755,3.4657359027997265,2,2,2,1.0,7.158513997329321,3.1780538303479458,3,1
756,3.5708276323378,1,0,0,1.0,7.1693500166706,1.791759469228055,3,0
757,3.6635616461296463,1,2,1,1.0,7.147559271189454,2.70805020110221,0,1
758,3.4339872044851463,1,2,0,1.0,7.239214973779806,3.1780538303479458,3,0
759,3.5553480614894135,1,2,0,1.0,6.53813982376767,2.4849066497880004,3,1
760,4.07753744390572,2,2,0,1.0,8.52615293278771,2.70805020110221,3,0
761,3.1780538303479458,2,2,2,1.0,7.66105638236183,2.8903717578961645,2,1
762,3.1780538303479458,1,1,0,1.0,7.7025561132685825,2.4849066497880004,0,0
763,3.4011973816621555,1,3,1,1.0,8.092929899389704,3.044522437723423,3,1
764,3.295836866004329,1,2,0,4.0,7.809135398120538,3.1780538303479458,3,0
765,3.6888794541139363,1,1,0,1.0,7.051855622955894,2.4849066497880004,0,0
766,3.4339872044851463,1,1,0,1.0,8.041734711487537,3.4011973816621555,2,1
767,3.4339872044851463,2,2,2,1.0,7.972810784121404,2.302585092994046,3,0
768,3.332204510175204,1,2,2,1.0,8.193400231952097,2.4849066497880004,2,0
769,4.143134726391533,1,1,0,1.0,7.411556287811163,2.4849066497880004,0,0
770,3.258096538021482,2,2,2,1.0,7.941651252930556,3.1780538303479458,3,0
771,3.2188758248682006,2,3,0,1.0,8.092929899389704,3.58351893845611,1,1
772,3.58351893845611,1,3,0,1.0,8.094073148069352,3.044522437723423,3,0
773,3.9512437185814275,1,2,0,4.0,7.706612913964197,3.1780538303479458,0,0
774,3.5708276323378,1,0,1,2.0,7.299797366758161,2.4849066497880004,3,0
775,3.2188758248682006,2,2,2,1.0,7.223295679562314,3.1780538303479458,3,1
776,3.6109179126442243,1,2,0,1.0,8.170468578330674,3.58351893845611,3,0
777,3.2188758248682006,2,2,0,1.0,8.163086375583216,2.8903717578961645,0,0
778,3.6375861597263857,1,3,0,3.0,8.650149418664864,3.58351893845611,3,0
779,3.5708276323378,2,2,0,1.0,8.261526448396468,2.8903717578961645,6,0
780,3.2188758248682006,1,2,0,1.0,8.503702601233739,3.6635616461296463,0,1
781,4.0943445622221,1,2,0,3.0,7.570443252057374,3.1780538303479458,3,0
782,3.4339872044851463,1,1,0,1.0,7.251344983372214,2.4849066497880004,1,0
783,3.1354942159291497,2,1,0,4.0,6.728628613084702,2.4849066497880004,3,1
784,4.0943445622221,1,3,0,1.0,8.774622220696997,2.995732273553991,3,0
785,3.5553480614894135,1,1,0,3.0,7.57095858316901,2.8903717578961645,4,0
786,3.6888794541139363,1,2,0,2.0,7.891704659330107,3.091042453358316,0,0
787,3.6375861597263857,1,2,0,1.0,7.919719760924575,3.0398926893396454,3,0
788,3.912023005428146,1,2,1,1.0,8.736168065858228,3.0398926893396454,1,1
789,3.295836866004329,1,2,0,1.0,8.699181359308954,3.6888794541139363,1,1
790,3.6635616461296463,2,2,0,1.0,7.080026499922591,3.044522437723423,4,1
791,3.713572066704308,1,3,0,1.0,8.750366278367625,3.1780538303479458,3,0
792,3.295836866004329,1,2,0,1.0,7.107425474110705,1.791759469228055,2,0
793,3.9318256327243257,1,2,1,1.0,7.969703583278656,3.1780538303479458,2,0
794,3.4657359027997265,1,2,2,2.0,8.026823576217629,3.1780538303479458,2,0
795,3.091042453358316,2,2,2,4.0,7.741099090035366,2.1972245773362196,2,0
796,3.9318256327243257,1,2,1,1.0,8.924123891686012,2.8903717578961645,3,1
797,3.091042453358316,2,1,2,1.0,7.1372784372603855,2.4849066497880004,2,0
798,3.9889840465642745,1,2,0,1.0,6.57507584059962,3.1780538303479458,3,0
799,3.5553480614894135,1,0,0,1.0,7.3453648404168685,2.1972245773362196,3,0
800,3.9889840465642745,1,2,1,1.0,7.3758821482150125,3.1780538303479458,1,0
801,3.871201010907891,2,1,2,1.0,7.492760300922379,2.8903717578961645,0,0
802,3.1780538303479458,2,2,0,1.0,8.35983738064003,2.995732273553991,2,0
803,3.5553480614894135,1,2,0,1.0,6.883462586413092,2.4849066497880004,0,0
804,3.1780538303479458,2,0,2,1.0,8.918917979908679,2.4849066497880004,3,0
805,3.1780538303479458,1,2,0,1.0,8.092929899389704,3.58351893845611,3,1
806,3.258096538021482,1,1,0,1.0,6.380122536899765,1.791759469228055,0,0
807,3.5708276323378,1,2,0,1.0,6.835184586147301,2.4849066497880004,0,0
808,4.007333185232471,1,3,1,1.0,8.092929899389704,3.7376696182833684,3,0
809,3.258096538021482,2,0,2,1.0,7.48324441607385,2.70805020110221,3,1
810,3.258096538021482,1,2,0,1.0,6.810142450115136,2.0794415416798357,4,0
811,3.332204510175204,1,1,0,1.0,6.182084906716632,1.791759469228055,0,0
812,3.1780538303479458,1,2,0,1.0,8.092929899389704,3.58351893845611,3,1
813,3.9889840465642745,1,2,0,1.0,8.02322468471667,3.0398926893396454,5,1
814,3.828641396489095,1,2,1,1.0,8.27664912542186,3.0398926893396454,3,1
815,3.9889840465642745,2,2,2,1.0,8.913550280493675,3.58351893845611,3,0
816,4.127134385045092,1,2,0,2.0,7.198931240688173,1.791759469228055,5,0
817,3.1780538303479458,2,2,2,1.0,7.348587530927593,1.791759469228055,0,0
818,3.7612001156935624,1,3,0,1.0,8.092929899389704,3.58351893845611,7,0
819,3.258096538021482,1,2,0,1.0,7.20414929203594,2.8903717578961645,0,1
820,3.295836866004329,1,2,0,1.0,7.00397413672268,2.4849066497880004,3,0
821,3.1780538303479458,1,2,0,1.0,8.011686729127847,2.4849066497880004,0,0
822,3.713572066704308,1,2,0,1.0,7.905441649060286,3.58351893845611,2,1
823,3.8501476017100584,1,1,0,1.0,6.594413459749778,2.0794415416798357,3,0
824,3.5553480614894135,1,3,0,1.0,8.237479288613633,2.8903717578961645,2,0
825,3.4011973816621555,1,2,0,1.0,7.379008127628304,3.044522437723423,3,0
826,3.4965075614664802,2,2,2,1.0,8.285513309079741,2.8903717578961645,3,1
827,3.58351893845611,1,2,0,1.0,8.334471554600944,2.8903717578961645,4,1
828,3.8501476017100584,1,2,1,1.0,8.092929899389704,3.58351893845611,3,1
829,3.6375861597263857,1,2,1,1.0,8.807022955925477,3.0398926893396454,4,0
830,3.784189633918261,1,2,0,2.0,7.772752716468742,3.1780538303479458,4,0
831,3.1354942159291497,2,2,2,1.0,7.103322062526113,2.8903717578961645,3,1
832,3.367295829986474,1,2,2,1.0,8.092929899389704,3.0398926893396454,4,1
833,3.7376696182833684,2,2,0,1.0,8.533853632309345,3.1780538303479458,0,0
834,3.2188758248682006,2,1,0,1.0,7.752335163302292,2.70805020110221,0,1
835,3.871201010907891,1,2,0,1.0,6.9865664594064265,2.4849066497880004,3,1
836,3.044522437723423,2,2,0,1.0,6.786716950605081,2.4849066497880004,0,0
837,3.1354942159291497,2,1,2,1.0,6.398594934535208,1.3862943611198906,2,0
838,4.143134726391533,1,2,0,1.0,7.9919305198524775,3.1780538303479458,3,0
839,3.828641396489095,1,2,0,1.0,7.8674885686991285,3.1780538303479458,0,0
840,3.367295829986474,1,2,0,1.0,8.552367266423891,3.58351893845611,2,1
841,3.332204510175204,1,1,0,1.0,8.0040315078527,3.044522437723423,3,0
842,3.1354942159291497,2,2,0,1.0,7.57198844937744,2.8903717578961645,6,1
843,3.912023005428146,1,2,0,1.0,7.351799869057777,3.1780538303479458,4,0
844,3.8501476017100584,1,2,0,1.0,8.137980454452139,2.8903717578961645,2,0
845,3.5553480614894135,1,2,0,1.0,8.288031567776464,3.044522437723423,2,0
846,3.5708276323378,1,2,2,1.0,8.818926087090677,2.8903717578961645,3,1
847,3.332204510175204,1,2,0,1.0,7.130098510125578,3.1780538303479458,3,0
848,4.07753744390572,1,2,0,1.0,7.218176838403408,2.1972245773362196,0,0
849,4.04305126783455,1,1,0,1.0,6.5638555265321274,2.4849066497880004,0,1
850,3.4965075614664802,1,2,2,1.0,7.711996507047669,2.995732273553991,3,1
851,3.7612001156935624,1,2,0,1.0,8.304494897963567,3.1780538303479458,3,0
852,3.5553480614894135,1,2,1,1.0,7.293697720601438,2.70805020110221,0,0
853,3.4657359027997265,1,1,1,1.0,7.273786317844895,2.8903717578961645,3,1
854,3.8066624897703196,1,2,0,1.0,8.092929899389704,3.58351893845611,3,0
855,3.4965075614664802,1,2,0,4.0,7.295735072749282,3.1780538303479458,3,0
856,3.6888794541139363,2,2,0,1.0,6.795705775173514,2.302585092994046,1,0
857,3.332204510175204,1,2,1,1.0,8.114623886420098,2.70805020110221,2,0
858,3.367295829986474,2,2,0,1.0,8.28374674710613,2.70805020110221,3,1
859,3.258096538021482,1,2,2,4.0,8.182279739259018,2.1972245773362196,3,0
860,3.295836866004329,1,2,0,3.0,8.666302614004078,3.1780538303479458,3,0
861,3.332204510175204,1,2,0,1.0,7.682021510826875,2.8903717578961645,4,1
862,3.5553480614894135,2,2,0,1.0,7.79934339821592,3.1780538303479458,0,1
863,3.4657359027997265,1,1,0,3.0,8.417593826193484,3.295836866004329,2,0
864,3.2188758248682006,1,1,2,1.0,7.700747794511798,2.302585092994046,2,1
865,2.995732273553991,2,2,2,2.0,7.7057128238944275,2.70805020110221,2,0
866,3.295836866004329,2,2,0,1.0,7.77863014732581,2.8903717578961645,0,0
867,3.7376696182833684,1,2,0,1.0,8.11102783819368,2.4849066497880004,2,0
868,3.6109179126442243,1,2,0,1.0,8.910450756416656,3.58351893845611,4,0
869,3.1780538303479458,2,2,2,1.0,6.480044561926653,2.4849066497880004,2,0
870,3.6888794541139363,2,2,0,2.0,8.946114375560743,3.58351893845611,2,0
871,3.828641396489095,1,2,0,1.0,7.202661196523238,1.791759469228055,3,0
872,3.258096538021482,1,2,0,4.0,7.231287004327616,3.1780538303479458,4,0
873,3.1780538303479458,2,2,0,1.0,6.773080375655535,2.70805020110221,5,0
874,3.367295829986474,1,1,0,1.0,8.185907481482324,2.4849066497880004,2,0
875,3.6888794541139363,2,2,0,3.0,7.186901020411631,2.3978952727983707,3,0
876,3.58351893845611,1,3,1,1.0,7.570443252057374,2.8903717578961645,0,0
877,3.332204510175204,1,2,0,1.0,8.187299270155147,3.58351893845611,0,0
878,3.295836866004329,1,3,1,1.0,7.259819610363186,2.1972245773362196,3,1
879,3.58351893845611,1,2,0,1.0,8.816111895794005,3.4011973816621555,0,0
880,3.6375861597263857,1,3,0,1.0,8.963672275615016,3.1780538303479458,3,0
881,3.871201010907891,1,2,1,1.0,8.092929899389704,3.1780538303479458,3,0
882,3.58351893845611,1,2,0,1.0,7.687538766201629,3.4011973816621555,3,0
883,3.5708276323378,2,0,0,1.0,7.001245622069476,2.8903717578961645,0,0
884,3.7612001156935624,1,2,0,1.0,8.308199063206446,3.1780538303479458,2,1
885,3.970291913552122,2,2,0,1.0,6.678342114654332,2.4849066497880004,1,1
886,3.5263605246161616,1,2,0,1.0,7.946263643580541,3.1780538303479458,4,0
887,3.1354942159291497,1,2,0,1.0,8.092929899389704,3.0398926893396454,4,1
888,3.5263605246161616,1,3,0,1.0,8.796943893541737,3.58351893845611,3,0
889,3.6888794541139363,1,2,2,1.0,8.964951211714654,3.332204510175204,3,0
890,3.7612001156935624,1,3,0,1.0,7.80057265467065,3.295836866004329,4,0
891,3.828641396489095,1,2,0,1.0,7.511524648390866,2.70805020110221,0,0
892,3.6375861597263857,1,1,0,1.0,7.682943169878292,2.4849066497880004,3,0
893,3.5263605246161616,1,2,0,1.0,8.66561319653451,3.58351893845611,3,0
894,3.367295829986474,1,2,0,1.0,7.063903961472068,2.8903717578961645,0,0
895,3.4339872044851463,1,3,0,1.0,8.092929899389704,3.58351893845611,3,0
896,3.332204510175204,2,3,2,1.0,7.8655717576847906,3.044522437723423,0,0
897,3.5553480614894135,2,2,0,3.0,7.3727463664043285,2.4849066497880004,2,0
898,3.4965075614664802,2,1,2,1.0,7.689828668736484,2.70805020110221,2,0
899,3.7376696182833684,1,2,0,1.0,8.331586243630754,2.8903717578961645,2,1
900,3.7612001156935624,1,2,2,1.0,7.872836175025724,2.772588722239781,3,1
901,3.784189633918261,1,2,0,1.0,8.156223323194624,2.995732273553991,3,0
902,3.7376696182833684,1,2,1,1.0,8.092929899389704,3.58351893845611,3,0
903,3.6888794541139363,1,2,2,1.0,7.234177179749849,2.70805020110221,0,0
904,3.58351893845611,1,3,0,1.0,7.15305163493748,3.1780538303479458,0,0
905,2.995732273553991,1,3,2,1.0,7.009408932708637,2.4849066497880004,0,0
906,3.1780538303479458,1,1,0,1.0,8.232971790593437,3.044522437723423,3,0
907,3.295836866004329,1,2,0,1.0,8.219056661060598,3.58351893845611,1,0
908,3.828641396489095,2,1,0,1.0,8.187021067343505,2.70805020110221,3,0
909,3.4965075614664802,2,1,0,1.0,8.069342366811636,2.1972245773362196,3,0
910,3.5263605246161616,2,2,0,1.0,8.401557847817314,3.58351893845611,0,0
911,3.2188758248682006,2,1,0,1.0,8.462948176563842,3.1780538303479458,2,1
912,3.2188758248682006,2,2,0,1.0,8.003363058629947,3.4011973816621555,0,0
913,3.332204510175204,1,2,0,3.0,7.669495251007694,2.3978952727983707,4,0
914,3.4339872044851463,1,2,2,1.0,8.058643712215618,3.1780538303479458,4,1
915,3.4657359027997265,2,3,0,1.0,8.092929899389704,3.0398926893396454,7,1
916,3.4657359027997265,1,2,0,4.0,7.954372272531867,2.302585092994046,3,0
917,3.5708276323378,1,3,0,1.0,8.092929899389704,1.791759469228055,3,1
918,3.4965075614664802,1,2,0,4.0,7.765993079407675,3.1780538303479458,2,1
919,3.6635616461296463,1,3,2,1.0,8.11522197256233,3.1780538303479458,2,1
920,3.332204510175204,2,2,0,1.0,7.504942068396171,2.8903717578961645,2,0
921,3.6109179126442243,1,3,0,2.0,8.092929899389704,3.0398926893396454,0,0
922,3.091042453358316,2,2,2,1.0,7.2196420401307355,2.1972245773362196,0,1
923,3.4011973816621555,1,2,2,1.0,7.601901959875166,2.4849066497880004,3,0
924,4.007333185232471,1,2,0,1.0,8.835210463664092,3.1780538303479458,2,1
925,3.828641396489095,1,2,0,1.0,6.546785410760524,2.4849066497880004,3,1
926,3.044522437723423,2,2,2,1.0,6.955592608396297,2.8903717578961645,2,0
927,3.6635616461296463,1,2,1,1.0,8.092929899389704,3.0398926893396454,3,1
928,4.060443010546419,1,2,0,1.0,7.532088143541722,3.4011973816621555,0,0
929,3.7612001156935624,1,1,0,1.0,7.203405521083095,2.4849066497880004,3,0
930,3.1780538303479458,1,1,0,1.0,7.465655310134056,3.1780538303479458,2,0
931,3.091042453358316,2,2,0,1.0,7.4205789054108005,2.1972245773362196,0,1
932,3.4011973816621555,1,2,0,1.0,7.1098794630722715,2.1972245773362196,3,0
933,3.7376696182833684,1,2,0,2.0,6.257667587882639,2.4849066497880004,0,0
934,3.1354942159291497,2,2,0,1.0,7.311886164077165,2.4849066497880004,0,0
935,3.4011973816621555,1,3,0,4.0,7.5595594960077,3.4011973816621555,0,1
936,3.332204510175204,2,1,0,1.0,6.61338421837956,2.1972245773362196,0,1
937,3.4011973816621555,1,3,2,1.0,7.631916513071252,1.791759469228055,0,0
938,3.7376696182833684,1,2,1,1.0,8.746398334109042,3.0398926893396454,1,1
939,3.828641396489095,1,3,0,1.0,8.830835365537549,3.1780538303479458,3,0
940,3.8066624897703196,1,3,0,1.0,8.168202930236053,2.4849066497880004,3,0
941,3.4339872044851463,1,1,0,1.0,7.343426229147367,2.302585092994046,3,0
942,3.4339872044851463,1,2,0,1.0,6.834108738813838,3.1780538303479458,2,0
943,3.7376696182833684,1,1,0,1.0,7.282761179605593,1.3862943611198906,3,0
944,3.828641396489095,2,2,2,1.0,7.520234556474628,2.70805020110221,2,0
945,3.4011973816621555,2,2,0,2.0,8.092929899389704,3.0398926893396454,3,0
946,3.4011973816621555,1,2,1,2.0,8.116417072794205,3.1780538303479458,2,1
947,3.6375861597263857,1,3,0,1.0,7.958227192322312,2.4849066497880004,3,0
948,3.7612001156935624,1,1,0,1.0,7.334981878871814,2.8903717578961645,2,1
949,3.4339872044851463,1,2,0,4.0,8.19450550976564,3.1780538303479458,0,1
950,3.6888794541139363,1,0,0,1.0,8.185907481482324,2.8903717578961645,4,0
951,3.1780538303479458,1,2,0,1.0,7.6708948313621175,3.58351893845611,4,1
952,3.332204510175204,2,2,2,2.0,8.321907968230423,3.1780538303479458,3,1
953,3.258096538021482,2,3,0,1.0,8.092929899389704,3.58351893845611,2,1
954,3.367295829986474,2,2,0,1.0,7.545918151209323,2.4849066497880004,3,0
955,4.04305126783455,2,3,2,3.0,7.115582126184454,3.1780538303479458,0,0
956,3.8918202981106265,1,1,0,1.0,8.204124932574041,3.4011973816621555,0,0
957,3.6109179126442243,1,1,0,1.0,7.050989447068045,2.1972245773362196,0,0
958,3.8066624897703196,1,1,0,1.0,8.295548516225763,3.332204510175204,3,1
959,3.4011973816621555,1,2,1,4.0,8.029107054619736,3.1780538303479458,2,0
960,3.4011973816621555,1,2,2,1.0,7.461640392208575,1.791759469228055,0,0
961,3.8501476017100584,1,2,0,1.0,7.763446388727362,3.044522437723423,3,0
962,3.367295829986474,1,2,0,1.0,8.176391596633795,2.70805020110221,3,0
963,3.5553480614894135,1,2,0,2.0,7.781973234434385,3.1780538303479458,0,1
964,3.091042453358316,1,1,0,1.0,6.118097198041348,1.791759469228055,6,0
965,3.258096538021482,2,2,0,1.0,7.44716835960004,3.4011973816621555,0,0
966,3.1354942159291497,1,1,0,2.0,7.832014180505469,3.295836866004329,0,1
967,3.9889840465642745,2,3,2,1.0,8.1797604936999,2.70805020110221,0,0
968,3.367295829986474,1,2,2,1.0,8.8771028978649,3.7376696182833684,0,0
969,3.6888794541139363,1,1,0,1.0,8.278682162970906,2.3978952727983707,3,0
970,3.091042453358316,1,2,0,4.0,7.322510433997394,2.70805020110221,6,0
971,3.7612001156935624,1,1,0,1.0,8.9082888855571,3.1780538303479458,3,0
972,3.367295829986474,2,0,2,1.0,7.084226422097916,3.1780538303479458,3,1
973,3.58351893845611,1,2,2,1.0,8.89521858376562,3.0398926893396454,4,1
974,3.4965075614664802,2,2,0,1.0,7.9483852851118995,3.4011973816621555,0,0
975,4.04305126783455,2,1,0,2.0,7.1372784372603855,3.1780538303479458,0,0
976,4.1588830833596715,2,2,0,1.0,6.6240652277998935,1.791759469228055,0,0
977,3.7376696182833684,1,2,0,1.0,7.794411205726601,2.8903717578961645,4,0
978,3.8501476017100584,1,1,0,1.0,7.839131648274333,3.1780538303479458,3,1
979,3.2188758248682006,1,2,2,4.0,7.142036574706803,2.70805020110221,3,1
980,3.8918202981106265,1,2,0,1.0,8.092929899389704,3.4011973816621555,2,1
981,3.4965075614664802,1,3,2,1.0,8.485496104672983,3.0398926893396454,4,1
982,3.332204510175204,2,3,0,4.0,7.980365765111246,3.044522437723423,3,0
983,3.258096538021482,1,2,0,1.0,8.092929899389704,3.58351893845611,3,1
984,3.4011973816621555,1,1,0,1.0,7.614805364711073,3.1780538303479458,2,0
985,3.2188758248682006,2,2,2,1.0,7.267525427828172,2.70805020110221,2,0
986,3.4965075614664802,1,2,0,1.0,8.746557354543503,3.7376696182833684,4,0
987,4.1588830833596715,2,2,0,4.0,7.25063551189868,2.5649493574615367,0,0
988,3.367295829986474,1,3,1,1.0,8.791638037085997,3.1780538303479458,3,0
989,3.871201010907891,1,1,0,1.0,7.463363045520021,3.1780538303479458,0,0
990,3.6109179126442243,1,1,0,1.0,8.178919332848396,2.4849066497880004,1,0
991,3.5263605246161616,1,1,0,4.0,7.358193752733032,2.70805020110221,0,0
992,3.1354942159291497,1,1,2,1.0,7.568379267836522,2.8903717578961645,0,0
993,3.4011973816621555,1,3,0,1.0,8.28374674710613,3.58351893845611,2,0
994,3.912023005428146,1,2,0,1.0,7.779048644925556,2.4849066497880004,3,0
995,3.4339872044851463,2,1,0,1.0,7.459338895220296,2.4849066497880004,2,0
996,3.6888794541139363,1,3,0,1.0,8.257644958208228,3.4011973816621555,3,0
997,3.6375861597263857,1,2,0,1.0,6.6895992691789665,2.4849066497880004,0,0
998,3.1354942159291497,1,2,1,1.0,7.520234556474628,3.0398926893396454,0,1
999,3.295836866004329,1,2,0,4.0,8.428580533059634,3.0398926893396454,3,0
